1,Earlean.Bonacci@yahoo.com,029761dd44fec0b14825843ad0dfface,,2009-12-21 07:36:00+11,
2,Evelyn.Patnode@gmail.com,d678656644a3f44023f90e4f1cace1f4,"""sex""=>""M""",2010-11-13 08:27:00+11,
3,Derek.Crenshaw@gmail.com,5ab7bc159c6371c65b41059097ff0efe,"""sex""=>""F""",2009-03-08 14:06:00+11,
4,Shari.Julian@yahoo.com,9d38df22b71c8896137d363e29814e5f,"""sex""=>""M""",2010-11-20 21:58:00+11,
5,Zita.Breeding@gmail.com,7a1c8d1d180d75da38efbd03f388472d,,2009-08-12 08:33:00+10,
6,Samatha.Hedgpeth@yahoo.com,e129316bf01b0440247414b715726956,"""sex""=>""F""",2010-07-18 20:40:00+10,
7,Quinton.Gilpatrick@yahoo.com,7c63f3c25ee52041c2b9aec3c21a96b6,"""sex""=>""M""",2010-09-03 07:56:00+10,
8,Vivian.Westmoreland@yahoo.com,100945c1684d6926dcafcacd967aedd9,"""sex""=>""F"", ""state""=>""South Carolina""",2009-10-01 21:34:00+10,
9,Danny.Crays@gmail.com,511e3229996147ae68f83bab75b9733e,"""sex""=>""M""",2009-04-22 17:30:00+10,
10,Edmund.Roles@yahoo.com,aeac2309a2b01e19177564126a6f8393,"""sex""=>""F"", ""state""=>""New York""",2009-07-08 07:01:00+10,
11,Shanell.Lichtenstein@aol.com,98ac14b2c6b7bef8a55b5654aee5f28b,"""sex""=>""M""",2009-05-22 10:18:00+10,
12,Romaine.Birdsell@aol.com,4571853f5ee73e305ac152c765ad2915,"""sex""=>""F""",2009-01-14 16:07:00+11,
13,Zita.Luman@yahoo.com,7467fa8332bc45a15ad2c7003c963ea2,,2009-02-05 01:49:00+11,
14,Claud.Cousineau@gmail.com,82bcc0c4c3fc1a9bbae75dc7b8fabccc,"""sex""=>""F""",2009-08-18 04:48:00+10,
15,Kali.Damore@yahoo.com,66327b7500c1b4a115910260418fd582,"""sex""=>""F""",2010-07-07 20:28:00+10,
16,Graciela.Kubala@yahoo.com,85dbdc9fff08c157d7d10555009ef8ff,"""sex""=>""F""",2010-08-19 15:42:00+10,
17,Theresia.Edwin@yahoo.com,87b2ae03da521142fd37676e6a3c376a,"""sex""=>""M""",2010-08-11 18:21:00+10,
18,Ozella.Yoshimura@gmail.com,df68a6070ac1f18ce7a16baa96922948,"""sex""=>""M""",2010-07-24 02:03:00+10,
19,Wynona.Greening@aol.com,176c818bc66324925ff6c274667e3e8f,"""sex""=>""M""",2009-05-25 00:25:00+10,
20,Kimi.Mcqueeney@gmail.com,588169a56191c0f99b08e7a392e03ada,,2010-06-23 01:16:00+10,
21,Cherryl.Tarnowski@gmail.com,35981f660fedede469fce21cc146aa86,,2009-01-26 20:56:00+11,
22,Isabel.Breeding@gmail.com,a32fbb3e28f4cea747d0eef30aaf9ae5,,2010-07-11 23:28:00+10,
23,Ivana.Kurth@yahoo.com,ca72fafea92a1ef152006b53e2532571,,2010-06-25 18:36:00+10,
24,Humberto.Jonson@yahoo.com,642a91737480d3bbbf621689633ee9c3,,2009-09-23 23:09:00+10,
25,Ivana.Sosnowski@aol.com,f12980358430ee7ae192b041aa6ac05d,"""sex""=>""M""",2009-01-16 22:55:00+11,
26,Cortney.Strayer@gmail.com,d80da950209cffdb96c76648d4f5b8f7,"""sex""=>""M"", ""state""=>""Virginia""",2009-07-19 16:08:00+10,
27,Williams.Upson@gmail.com,de9a71ad16e0443955d38e4f6864d3c4,"""sex""=>""F""",2010-08-10 15:48:00+10,
28,Jeremiah.Buonocore@yahoo.com,1994c6611461fc9d11683b50e540d701,,2009-03-19 18:49:00+11,
29,Ozella.Roles@gmail.com,8bee01c9b64ed4ca3e68f3c3502e1d85,,2009-10-09 20:44:00+11,
30,Salvatore.Arends@aol.com,8c64e4bf1574238287f230fde0314664,"""sex""=>""F"", ""state""=>""Virginia""",2009-09-05 11:55:00+10,
31,Layne.Sarver@aol.com,296ca911a6fc78b4b3e75f927c16fcfd,"""sex""=>""M""",2010-09-26 18:00:00+10,
32,Takako.Gilpatrick@aol.com,3abe3e825f6e749dca1b8193d5f15215,"""sex""=>""M""",2009-02-23 02:46:00+11,
33,Russ.Mcclain@yahoo.com,cf17dc7c023e4a9f3fe6be05352aa57f,"""sex""=>""F""",2010-01-13 04:27:00+11,
34,Claud.Westmoreland@aol.com,631f77eeef3e513c8aad646fdd73c03a,,2010-06-12 03:21:00+10,
35,Derek.Knittel@gmail.com,ce3ce9650891124de7f449c84a33ff71,"""sex""=>""F""",2010-08-17 07:09:00+10,
36,Eleanor.Patnode@yahoo.com,c20912ab068921f869ee26724bdfc081,"""sex""=>""F"", ""state""=>""Florida""",2010-06-06 11:27:00+10,
37,Carmel.Bulfer@aol.com,15267e65daa06c6fcde10c80f8a744d3,"""sex""=>""F"", ""state""=>""Florida""",2009-06-07 06:13:00+10,
38,Mauro.Pung@yahoo.com,4e625168e5ea9bd548c303d20ecc95b5,"""sex""=>""F"", ""state""=>""Illinois""",2009-08-20 12:34:00+10,
39,Sherilyn.Hamill@gmail.com,2f313c4006182796faf17d83e7f3312b,"""sex""=>""M""",2010-04-02 10:39:00+11,
40,Glen.Lanphear@yahoo.com,66565168a637a3c5f43bdf5bf2e9313a,,2010-08-07 01:14:00+10,
41,Stacia.Schrack@aol.com,8a918b3f99c9d9aefbbd5de4fbc2ba07,"""sex""=>""M""",2010-06-15 05:28:00+10,
42,Tonette.Alba@gmail.com,9e742176f6d41b88a4c77334267a8ac0,,2009-12-28 21:21:00+11,
43,Eve.Kump@yahoo.com,300b9c56bfe5d45417961ef08f28498a,"""sex""=>""M""",2009-08-20 19:45:00+10,
44,Shanell.Maxson@gmail.com,e47a8b0056427f189f146889d457f5c2,"""sex""=>""M""",2009-11-21 17:28:00+11,
45,Gudrun.Arends@gmail.com,735dba8760996aafd1b08b443c6fa4f9,,2010-06-30 22:30:00+10,
46,Angel.Lessley@yahoo.com,970efafe901fff211538e536ad797443,"""sex""=>""F""",2009-08-22 03:06:00+10,
47,Harrison.Puett@yahoo.com,ff9e460aaca39a2c3bbd68043047826a,"""sex""=>""M""",2009-07-22 01:20:00+10,
48,Granville.Hedgpeth@gmail.com,87f0bfd98e2a9b8d30bc1309936744cb,,2009-08-04 00:54:00+10,
49,Samatha.Pellegrin@yahoo.com,4e2a5f4b462636dbc7519bc49f841822,,2009-03-26 07:17:00+11,
50,Wan.Dilks@gmail.com,0650f5923e2abce41721d3d9ab37cc54,"""sex""=>""M""",2009-10-09 09:43:00+11,
